"Julian Day","Chamber Serial","Chamber Error Status","Analyzer Error Status","Multiplexer Serial","Multiplexer Port","Measurement Duration (s)","Deadband Start (pts)","Deadband End (pts)","        Mean CO2 (ppm)","        Mean CH4 (ppm)","        Mean N2O (ppm)","        Mean NH3 (ppm)","        Mean H2O (percent)","     Chem Detect (0/1)","   Cav. Pressure (kPa)","Cav. Temperature (K)","   Water Content (fraction)","Chmbr. Temperature (K)"," Chmbr. Pressure (kPa)","    Flux CO2 (L) (umol/m^2/s)","    Flux CO2 (E) (umol/m^2/s)","    Flux CH4 (L) (nmol/m^2/s)","    Flux CH4 (E) (nmol/m^2/s)","    Flux N2O (L) (nmol/m^2/s)","    Flux N2O (E) (nmol/m^2/s)","    Flux NH3 (L) (umol/m^2/s)","    Flux NH3 (E) (umol/m^2/s)","     R^2 CO2 (L) ","  e_Flux CO2 (E) (umol/m^2/s)","     R^2 CH4 (L) ","  e_Flux CH4 (E) (nmol/m^2/s)","     R^2 N2O (L) ","  e_Flux N2O (E) (nmol/m^2/s)","     R^2 NH3 (L) ","  e_Flux NH3 (E) (umol/m^2/s)",RawSoilVWC_counts,MineralSoilVWC_percent,PeatSoilVWC_percent,CalibratedPeatSoilVWC_percent,"Soil Temperature (degC)","   AUX Voltage 3 (V)","AUX CuMeasurement #0002  from eosAC # 8 (mA)","2  from eosAC # 8 (mA)","c (Linear Intercept)","f (Linear Slope)","c (Exponential Intercept)","d (Exponential Multiplier)","a (Exponential Exponent)","MX Analog 1","MX Analog 2","MX Analog 3","MX Analog 4","MX Analog 5","MX Analog 6","MX Analog 7","MX Analog 8","Metadata"
345.860243,             ,"0",0,             ,3,479,175,380,443.45132738,2.04713190,-0.10456835,0.26100743,1.21269357,0.00000000,18.66539745,318.14990466,0.01220684,287.03881444,98.90000000,20.03233122,20.11384571,2.75330364,2.74904098,-16.12741723,-16.10679039,0.89482590,0.89137698,0.71634580,0.00000000,0.03476583,0.00000000,0.00595577,0.00000000,0.05407854,0.00000000,-0.00000000,0.00000000,0.00000000,0.00000000,-0.00000000,0.03197900,0.00000000,0.00000000,442.748308,0.015785,593.864361,-151.117049,0.000105,0.000000,0.000000,0.000000,0.000000,0.000000,0.000000,0.000000,0.000000,"Measurement #0001  from eosAC # 3"
345.869931,             ,"0",0,             ,8,1204,175,380,439.87722391,2.03498668,-0.10150720,0.27358377,1.17836985,0.00000000,18.66532255,318.14950632,0.01208556,285.74708812,98.70000000,29.55141614,30.06093273,-5.78129477,-5.82687452,-0.25565685,-2.41536028,-0.04543267,-0.04559383,0.99718621,0.00000000,0.87695484,0.00000000,0.00010768,0.00000000,0.00517727,0.00000000,2358.77002000,21.93668908,34.60746184,23.79452822,12.40000000,0.03359700,0.00000000,0.00000000,430.427762,0.023225,990.865103,-560.491222,0.000042,0.000000,0.000000,0.000000,0.000000,0.000000,0.000000,0.000000,0.000000,"Measurement #0002  from eosAC # 8"
345.888021,             ,"0",0,             ,10,1205,175,380,458.73428765,2.04813423,-0.09622893,0.22948713,1.09197767,0.00000000,18.66531300,318.14889528,0.01155796,285.46420240,98.30000000,68.05367003,83.21513232,-4.58137809,-4.63582682,4.10187677,2.33554780,-0.05782019,-0.05766569,0.99646094,0.00000000,0.77089866,0.00000000,0.02398166,0.00000000,0.00645552,0.00000000,2347.55004900,21.50146640,34.33560072,23.28661702,11.80000000,0.02666200,0.00000000,0.00000000,436.883479,0.053621,565.431828,-130.103571,0.000504,0.000000,0.000000,0.000000,0.000000,0.000000,0.000000,0.000000,0.000000,"Measurement #0003  from eosAC #10"
345.906169,             ,"0",0,             ,1,880,175,380,447.37619055,2.03821547,-0.09292863,0.19540719,1.00839397,0.00000000,18.66521776,318.14969286,0.01056031,283.62537421,98.80000000,68.68605407,69.72951894,-2.02933192,-2.07268026,-4.25079921,-4.24474848,-0.07863693,-0.07853279,0.99881489,0.00000000,0.30641082,0.00000000,0.01025472,0.00000000,0.00606471,0.00000000,2467.96997100,26.17255518,36.92820826,28.88960226,10.50000000,0.02541400,0.00000000,0.00000000,434.282126,0.053445,1304.846836,-870.629217,0.000062,0.000000,0.000000,0.000000,0.000000,0.000000,0.000000,0.000000,0.000000,"Measurement #0004  from eosAC # 1"
345.924039,             ,"0",0,             ,2,1206,175,380,438.17068312,2.01864894,-0.08745798,0.14701977,0.88622904,0.00000000,18.66523102,318.14926775,0.00935131,282.44371873,102.30000000,30.13012473,30.51568267,-5.71619728,-8.35914742,0.88070675,0.87954023,-0.10994877,-0.10990394,0.99757135,0.00000000,0.89900783,0.00000000,0.00117484,0.00000000,0.02566030,0.00000000,2301.30004900,19.70742890,33.11923336,21.22403870,11.20000000,0.02422700,0.00000000,0.00000000,428.982246,0.022520,1151.116755,-722.172623,0.000032,0.000000,0.000000,0.000000,0.000000,0.000000,0.000000,0.000000,0.000000,"Measurement #0005  from eosAC # 2"
345.942141,             ,"0",0,             ,7,1205,175,380,432.18679577,2.01704224,-0.08510174,0.12038395,0.85652194,0.00000000,18.66530689,318.14901373,0.00954388,280.92116004,100.40000000,5.86356573,17.87844642,-0.45735674,-10.25632736,6.96571450,6.98858561,-0.00675344,-0.02302553,0.77026110,0.00000000,0.04349151,0.00000000,0.06519981,0.00000000,0.00012450,0.00000000,-0.00000000,0.00000000,0.00000000,0.00000000,-0.00000000,0.02473600,0.00000000,0.00000000,430.377937,0.004442,433.678715,-4.211624,0.003216,0.000000,0.000000,0.000000,0.000000,0.000000,0.000000,0.000000,0.000000,"Measurement #0006  from eosAC # 7"
345.960243,             ,"0",0,             ,9,1203,175,380,436.35302406,2.01723390,-0.08276587,0.05833840,0.80035993,0.00000000,18.66529180,318.14896046,0.00826807,280.59652825,101.80000000,15.97730715,27.51449369,-0.27966058,-1.34443689,0.45648939,0.45630108,-0.17555727,-0.48960109,0.96089238,0.00000000,0.02212740,0.00000000,0.00029353,0.00000000,0.06673298,0.00000000,2517.94995100,28.11127860,37.88545065,31.31212335,9.10000000,0.02436600,0.00000000,0.00000000,431.515302,0.011909,444.891060,-14.405384,0.001424,0.000000,0.000000,0.000000,0.000000,0.000000,0.000000,0.000000,0.000000,"Measurement #0007  from eosAC # 9"
345.978021,             ,"0",0,             ,11,1232,175,380,443.70830476,2.01757030,-0.08123455,0.03747852,0.75864837,0.00000000,18.66520473,318.14951767,0.00775975,279.83035871,98.10000000,46.93951563,50.31422279,-2.20928805,-2.47682646,-0.45272523,-35.74094653,0.16392808,0.26920485,0.99912037,0.00000000,0.63270205,0.00000000,0.00036530,0.00000000,0.06809646,0.00000000,2511.68994100,27.86845281,37.76633211,31.00562611,7.80000000,0.02096000,0.00000000,0.00000000,428.527674,0.036190,660.874920,-232.705551,0.000167,0.000000,0.000000,0.000000,0.000000,0.000000,0.000000,0.000000,0.000000,"Measurement #0008  from eosAC #11"
345.996551,             ,"0",0,             ,12,1189,175,380,443.80486099,2.01839937,-0.07987240,0.03720816,0.72219473,0.00000000,18.66522239,318.14941387,0.00727152,279.14658653,100.10000000,44.58521393,46.00743707,-3.32647047,-3.43952951,-2.72977438,-2.71859997,-0.05136555,-0.05127408,0.99878515,0.00000000,0.75400155,0.00000000,0.01058696,0.00000000,0.00712584,0.00000000,2402.50000000,23.63297500,35.59696938,25.80199744,7.90000000,0.03082300,0.00000000,0.00000000,430.402788,0.033589,866.758716,-436.495901,0.000079,0.000000,0.000000,0.000000,0.000000,0.000000,0.000000,0.000000,0.000000,"Measurement #0009  from eosAC #12"
346.014491,             ,"0",0,             ,4,1205,175,380,443.10149202,2.01836557,-0.07847769,0.02176617,0.71721582,0.00000000,18.66532853,318.14939878,0.00712752,278.96182468,101.10000000,41.85885504,45.42427010,-1.51308069,-1.76446139,-2.14725731,-69.66424624,0.03709561,0.03705013,0.99870985,0.00000000,0.45277390,0.00000000,0.00598303,0.00000000,0.00375379,0.00000000,2424.37011700,24.48131684,36.05746375,26.82250920,6.90000000,0.03865200,0.00000000,0.00000000,430.384732,0.031198,597.456897,-167.427181,0.000202,0.000000,0.000000,0.000000,0.000000,0.000000,0.000000,0.000000,0.000000,"Measurement #0010  from eosAC # 4"
346.032593,             ,"0",0,             ,3,1204,175,380,441.60342891,2.01915051,-0.07822135,-0.00295614,0.70397810,0.00000000,18.66530519,318.14955272,0.00702952,277.99130227,98.40000000,29.63039864,42.30473458,-1.27964966,-3.05154869,-0.41342035,-30.76578885,-0.01572756,-0.01570975,0.98470447,0.00000000,0.41144220,0.00000000,0.00027013,0.00000000,0.00050274,0.00000000,-0.00000000,0.00000000,0.00000000,0.00000000,-0.00000000,0.03315000,0.00000000,0.00000000,432.398665,0.022609,466.726821,-35.546024,0.000908,0.000000,0.000000,0.000000,0.000000,0.000000,0.000000,0.000000,0.000000,"Measurement #0011  from eosAC # 3"
346.050683,             ,"0",0,             ,8,1204,175,380,437.90356840,2.02075402,-0.07651009,-0.00887895,0.68730953,0.00000000,18.66523690,318.14950075,0.00701479,277.61464014,96.90000000,26.08373687,26.99592397,-1.21984375,-1.27432890,-1.36657043,-581.85396137,0.05052643,1.86633702,0.99602118,0.00000000,0.40775839,0.00000000,0.00289263,0.00000000,0.00549524,0.00000000,2305.70996100,19.87848939,33.24252120,21.41853707,7.10000000,0.03464500,0.00000000,0.00000000,429.695083,0.020183,675.748995,-246.148723,0.000085,0.000000,0.000000,0.000000,0.000000,0.000000,0.000000,0.000000,0.000000,"Measurement #0012  from eosAC # 8"
346.068773,             ,"0",0,             ,10,1210,175,380,446.96581181,2.02176029,-0.07596859,-0.03556521,0.65784132,0.00000000,18.66515789,318.14966714,0.00674657,277.26245999,97.60000000,49.98419805,51.58466642,-3.12350488,-3.59631162,1.86592160,1.86650244,0.02745266,0.88436083,0.99944566,0.00000000,0.78679949,0.00000000,0.00488608,0.00000000,0.00159761,0.00000000,2321.20996100,20.47973439,33.66308128,22.10579435,6.40000000,0.02573700,0.00000000,0.00000000,431.247190,0.038340,942.615849,-511.534477,0.000077,0.000000,0.000000,0.000000,0.000000,0.000000,0.000000,0.000000,0.000000,"Measurement #0013  from eosAC #10"
346.086748,             ,"0",0,             ,1,1201,175,380,447.25498037,2.02396030,-0.07315163,-0.05569012,0.60207940,0.00000000,18.66529137,318.14957417,0.00618257,276.37632069,100.30000000,51.23917873,52.82281980,-3.03493367,-3.20119730,-2.87578320,-30.67586700,-0.10478084,-0.85486730,0.99942502,0.00000000,0.74155504,0.00000000,0.01228747,0.00000000,0.02410415,0.00000000,2443.38989300,25.21909395,36.44376339,27.71892263,5.90000000,0.02609200,0.00000000,0.00000000,431.814136,0.038101,941.157990,-509.502828,0.000077,0.000000,0.000000,0.000000,0.000000,0.000000,0.000000,0.000000,0.000000,"Measurement #0014  from eosAC # 1"
346.104792,             ,"0",0,             ,2,1204,175,380,445.29486282,2.02816248,-0.07243413,-0.06484806,0.56778575,0.00000000,18.66522882,318.14966664,0.00582097,276.29067944,100.00000000,26.10233576,27.56576931,-2.72262707,-2.84897582,1.99315024,6.64431091,-0.01046620,-0.01044739,0.99654772,0.00000000,0.72115884,0.00000000,0.00558330,0.00000000,0.00022488,0.00000000,2277.50000000,18.78422500,32.42407936,20.18227238,7.40000000,0.02490500,0.00000000,0.00000000,437.379549,0.019454,589.617930,-152.384502,0.000135,0.000000,0.000000,0.000000,0.000000,0.000000,0.000000,0.000000,0.000000,"Measurement #0015  from eosAC # 2"
346.123056,             ,"0",0,             ,7,1190,175,380,456.88935244,2.02548996,-0.07186904,-0.05457181,0.55279775,0.00000000,18.66524217,318.14959449,0.00545601,274.57864560,101.50000000,33.22863573,34.05858244,-3.49529276,-3.64848894,1.20492051,294.61728091,0.03020208,0.03014967,0.99504422,0.00000000,0.76379170,0.00000000,0.00177312,0.00000000,0.00183479,0.00000000,-0.00000000,0.00000000,0.00000000,0.00000000,-0.00000000,0.02441200,0.00000000,0.00000000,447.212597,0.024240,843.551144,-396.419285,0.000063,0.000000,0.000000,0.000000,0.000000,0.000000,0.000000,0.000000,0.000000,"Measurement #0016  from eosAC # 7"
346.140995,             ,"0",0,             ,9,1204,175,380,458.86203594,2.02843663,-0.07137223,-0.06190047,0.53947700,0.00000000,18.66529527,318.14957463,0.00537895,274.31458314,99.80000000,41.92432063,47.97362196,11.65605899,11.69710189,-0.41217096,-0.92636847,-0.02991745,-9.21709941,0.99774977,0.00000000,0.85863853,0.00000000,0.00021639,0.00000000,0.00208667,0.00000000,2500.13989300,27.42042645,37.54641666,30.44242804,6.40000000,0.02422700,0.00000000,0.00000000,446.220813,0.031072,551.486539,-105.856963,0.000336,0.000000,0.000000,0.000000,0.000000,0.000000,0.000000,0.000000,0.000000,"Measurement #0017  from eosAC # 9"
346.159282,             ,"0",0,             ,11,1185,175,380,466.84636894,2.03276894,-0.07109729,-0.08389658,0.52712707,0.00000000,18.66517997,318.14958303,0.00536552,273.60377387,96.60000000,65.40175002,69.36024401,-0.40576787,-8.98539370,0.70516580,138.13550098,-0.07440793,-0.68731340,0.99912873,0.00000000,0.02360968,0.00000000,0.00070462,0.00000000,0.01239797,0.00000000,2489.78002900,27.01856732,37.34858013,29.93981511,5.70000000,0.02359500,0.00000000,0.00000000,447.018197,0.049947,802.352702,-355.729468,0.000149,0.000000,0.000000,0.000000,0.000000,0.000000,0.000000,0.000000,0.000000,"Measurement #0018  from eosAC #11"
346.177269,             ,"0",0,             ,12,1190,175,380,463.39198986,2.06155641,-0.06984024,-0.07670404,0.52018319,0.00000000,18.66515964,318.14949281,0.00529346,273.08225741,98.30000000,46.70278936,47.95966215,-3.49786463,-3.54105541,-2.56285770,-8.17746185,0.10375717,0.10376316,0.99894740,0.00000000,0.83042984,0.00000000,0.01096391,0.00000000,0.02900874,0.00000000,2388.54003900,23.09146811,35.29205386,25.15634558,6.30000000,0.03103900,0.00000000,0.00000000,449.411796,0.034981,985.699992,-536.411569,0.000067,0.000000,0.000000,0.000000,0.000000,0.000000,0.000000,0.000000,0.000000,"Measurement #0019  from eosAC #12"
346.195394,             ,"0",0,             ,4,1188,175,380,469.98235027,2.09590042,-0.07004270,-0.09535974,0.51451330,0.00000000,18.66525536,318.14957170,0.00517198,272.98060803,101.70000000,43.54015105,44.70410793,-3.10736076,-3.23505165,-2.23192857,-2.23286353,-0.09187038,-0.09157883,0.99830358,0.00000000,0.76992710,0.00000000,0.00706929,0.00000000,0.02103936,0.00000000,2414.21997100,24.08759268,35.84614725,26.34751379,5.50000000,0.03785100,0.00000000,0.00000000,457.418464,0.031506,938.371653,-481.065314,0.000067,0.000000,0.000000,0.000000,0.000000,0.000000,0.000000,0.000000,0.000000,"Measurement #0020  from eosAC # 4"
346.213322,             ,"0",0,             ,3,1202,175,380,470.16372881,2.03770799,-0.06901203,-0.09426572,0.49945674,0.00000000,18.66522830,318.14961994,0.00496465,272.43428699,100.70000000,57.37458409,68.19217083,-2.68214685,-6.84420211,-2.40617938,-2.40031182,0.02876118,0.42085602,0.99702569,0.00000000,0.69762938,0.00000000,0.00852121,0.00000000,0.00195165,0.00000000,-0.00000000,0.00000000,0.00000000,0.00000000,-0.00000000,0.03222600,0.00000000,0.00000000,453.202751,0.041836,566.838848,-114.664625,0.000434,0.000000,0.000000,0.000000,0.000000,0.000000,0.000000,0.000000,0.000000,"Measurement #0021  from eosAC # 3"
346.231412,             ,"0",0,             ,8,1205,175,380,467.99179207,2.04537985,-0.06874546,-0.07479173,0.51288402,0.00000000,18.66523176,318.14968306,0.00497663,272.68479111,96.80000000,39.94804587,57.43063570,16.44870462,16.48762389,-1.91663233,-1.92085218,-0.03383002,-0.03391059,0.98542719,0.00000000,0.81621163,0.00000000,0.00579484,0.00000000,0.00302203,0.00000000,2287.51001000,19.17251329,32.72274473,20.61879371,5.60000000,0.03540000,0.00000000,0.00000000,455.645319,0.030331,501.066918,-47.091248,0.000926,0.000000,0.000000,0.000000,0.000000,0.000000,0.000000,0.000000,0.000000,"Measurement #0022  from eosAC # 8"
346.249560,             ,"0",0,             ,10,1200,175,380,468.08305486,2.13152555,-0.06772074,-0.07636671,0.49206597,0.00000000,18.66523041,318.14975929,0.00493559,272.38028481,100.90000000,52.72591281,55.76087744,-5.02347172,-6.23536532,0.50244863,0.00000000,-0.14089202,-0.20226157,0.99754556,0.00000000,0.90754285,0.00000000,0.00040638,0.00000000,0.03972038,0.00000000,2313.66992200,20.18725627,33.46093200,21.77076943,5.10000000,0.02778700,0.00000000,0.00000000,452.557914,0.038362,743.961340,-291.697792,0.000139,0.000000,0.000000,0.000000,0.000000,0.000000,0.000000,0.000000,0.000000,"Measurement #0023  from eosAC #10"
346.267477,             ,"0",0,             ,1,1201,175,380,476.47542061,2.08599029,-0.06747361,-0.10584106,0.47943813,0.00000000,18.66526641,318.14973590,0.00483429,272.53518781,101.20000000,47.34333047,49.39380855,-2.04523392,-2.19243127,-1.56279617,-1.55910583,-0.01019737,-10.87684128,0.99831566,0.00000000,0.62530174,0.00000000,0.00315614,0.00000000,0.00021927,0.00000000,2433.62988300,24.84050316,36.24699060,27.25789529,4.40000000,0.02583000,0.00000000,0.00000000,462.555482,0.034359,802.863250,-340.506251,0.000105,0.000000,0.000000,0.000000,0.000000,0.000000,0.000000,0.000000,0.000000,"Measurement #0024  from eosAC # 1"
346.285532,             ,"0",0,             ,2,1203,175,380,460.51684527,2.09161617,-0.06595241,-0.11004252,0.45265401,0.00000000,18.66520473,318.14968645,0.00456691,272.24306491,98.70000000,21.50919895,21.89318798,0.27661447,71.68395746,-2.30155068,-2.30085670,-0.01397226,-0.01395988,0.98983431,0.00000000,0.02011671,0.00000000,0.00864397,0.00000000,0.00039514,0.00000000,2273.29003900,18.62092061,32.29562580,19.99939209,5.70000000,0.02493600,0.00000000,0.00000000,454.025204,0.015984,823.352917,-369.366195,0.000044,0.000000,0.000000,0.000000,0.000000,0.000000,0.000000,0.000000,0.000000,"Measurement #0025  from eosAC # 2"
346.303785,             ,"0",0,             ,7,1190,175,380,471.51326072,2.09757442,-0.06613944,-0.11620923,0.46728548,0.00000000,18.66523267,318.14965701,0.00486095,272.07889478,102.00000000,36.57422664,39.17119299,-5.25943237,-5.38094317,-0.11571724,-0.11553002,-0.02548649,-0.02545601,0.99459120,0.00000000,0.91236376,0.00000000,0.00001595,0.00000000,0.00136263,0.00000000,-0.00000000,0.00000000,0.00000000,0.00000000,-0.00000000,0.02555200,0.00000000,0.00000000,461.011911,0.026292,623.577908,-162.810808,0.000173,0.000000,0.000000,0.000000,0.000000,0.000000,0.000000,0.000000,0.000000,"Measurement #0026  from eosAC # 7"
346.321713,             ,"0",0,             ,9,1204,175,380,480.29710700,2.09173357,0.32329002,-0.01038591,0.45230660,0.00000000,18.66728902,318.05253081,0.00489492,271.79884445,98.90000000,-18.09078800,-0.63397178,7.66971789,8.63766623,-33.12208229,-33.08881928,2.50545642,2.50257205,0.06942492,0.00000000,0.23085143,0.00000000,0.00669641,0.00000000,0.05539496,0.00000000,2489.42993200,27.00498706,37.34187925,29.92287221,4.80000000,0.02505900,0.00000000,0.00000000,480.711477,-0.013399,479.608494,0.469560,0.001000,0.000000,0.000000,0.000000,0.000000,0.000000,0.000000,0.000000,0.000000,"Measurement #0027  from eosAC # 9"
346.340012,             ,"0",0,             ,11,1192,175,380,479.96908005,2.07494737,0.34435951,0.10600058,0.48063994,0.00000000,18.66526407,318.14808657,0.00478853,271.83813348,96.40000000,57.14854114,58.78326480,-3.97422028,-4.20006221,3.83341096,1.30647643,-0.14316858,-0.14257744,0.97967531,0.00000000,0.81527873,0.00000000,0.02025642,0.00000000,0.03573123,0.00000000,2479.17993200,26.60738956,37.14509683,29.42804988,4.30000000,0.02470500,0.00000000,0.00000000,462.630224,0.043427,1086.420490,-623.953535,0.000072,0.000000,0.000000,0.000000,0.000000,0.000000,0.000000,0.000000,0.000000,"Measurement #0028  from eosAC #11"
346.357662,             ,"0",0,             ,12,697,175,380,463.59276431,2.09370814,0.34206749,0.07678465,0.48565139,0.00000000,18.66510539,318.14985477,0.00488905,271.86916641,97.90000000,-34.53901776,-34.58780925,-9.29002154,-9.38248245,1.64013093,1.63756587,-0.17205850,-0.17190313,0.51563704,0.00000000,0.73827714,0.00000000,0.00048350,0.00000000,0.01045771,0.00000000,2383.76001000,22.90605079,35.18543570,24.93630172,5.00000000,0.03002200,0.00000000,0.00000000,467.442786,-0.025850,-1497.206476,1964.649784,0.000013,0.000000,0.000000,0.000000,0.000000,0.000000,0.000000,0.000000,0.000000,"Measurement #0029  from eosAC #12"
346.369780,             ,"0",0,             ,1,1194,175,380,471.44163979,2.08970140,0.34110471,0.08680368,0.47109859,0.00000000,18.66525463,318.14980960,0.00464649,272.19689230,101.70000000,45.08503812,45.96888710,-3.57244891,-3.93562389,2.49479225,15.64528668,-0.00372809,-0.00769062,0.96249473,0.00000000,0.80079964,0.00000000,0.00839232,0.00000000,0.00002908,0.00000000,2430.96997100,24.73732518,36.19284591,27.13262785,3.80000000,0.02615400,0.00000000,0.00000000,458.517389,0.032513,1132.301617,-673.867291,0.000049,0.000000,0.000000,0.000000,0.000000,0.000000,0.000000,0.000000,0.000000,"Measurement #0030  from eosAC # 1"
346.387743,             ,"0",0,             ,2,1205,175,380,465.34656140,2.10048661,0.34169245,0.07650331,0.42928643,0.00000000,18.66514701,318.14998537,0.00428449,271.73515701,98.60000000,20.03292358,20.11105051,-2.85689078,-14.36569003,2.31669302,516.51371851,0.07566257,0.08205876,0.84025193,0.00000000,0.59917413,0.00000000,0.00755226,0.00000000,0.01541364,0.00000000,2272.38989300,18.58600395,32.26793761,19.96034444,5.10000000,0.02607600,0.00000000,0.00000000,459.283147,0.014870,1586.151759,-1126.878021,0.000013,0.000000,0.000000,0.000000,0.000000,0.000000,0.000000,0.000000,0.000000,"Measurement #0031  from eosAC # 2"
346.406007,             ,"0",0,             ,7,1189,175,380,469.68691097,2.11584918,0.34068187,0.05944547,0.45839494,0.00000000,18.66520905,318.14988380,0.00457187,271.76928198,102.20000000,32.29496203,41.32687789,-5.99706765,-6.36327725,2.59366785,173.51122182,-0.01773039,-0.01771800,0.92393004,0.00000000,0.91376323,0.00000000,0.00837448,0.00000000,0.00074893,0.00000000,-0.00000000,0.00000000,0.00000000,0.00000000,-0.00000000,0.02542900,0.00000000,0.00000000,460.444204,0.023137,506.385481,-46.759432,0.000633,0.000000,0.000000,0.000000,0.000000,0.000000,0.000000,0.000000,0.000000,"Measurement #0032  from eosAC # 7"
346.423935,             ,"0",0,             ,9,1205,175,380,476.53416268,2.10120749,0.34189815,0.07000143,0.46700912,0.00000000,18.66525406,318.15000114,0.00470484,271.45966049,98.80000000,33.68233276,34.49118977,-3.09583378,-3.78711511,2.03944127,2.03902939,0.02750631,0.02747492,0.94862541,0.00000000,0.78969160,0.00000000,0.00620876,0.00000000,0.00167061,0.00000000,2484.47998000,26.81297842,37.24700217,29.68361564,4.20000000,0.02341000,0.00000000,0.00000000,466.354255,0.024937,902.115412,-435.842290,0.000059,0.000000,0.000000,0.000000,0.000000,0.000000,0.000000,0.000000,0.000000,"Measurement #0033  from eosAC # 9"
346.441817,             ,"5, 14",0,             ,11,1204,175,380,465.17124747,2.12825587,0.34104832,0.04811125,0.45940545,0.00000000,18.66518408,318.14987840,0.00462248,271.35588040,96.60000000,12.06032823,93.78250378,-8.65375422,-575.50941069,0.79813922,1.97628486,0.09388791,0.09402465,0.39691185,0.00000000,0.02051531,0.00000000,0.00088187,0.00000000,0.02040908,0.00000000,2474.35009800,26.42004030,37.05189617,29.19571017,3.70000000,0.02239300,0.00000000,0.00000000,461.454004,0.009128,467.362254,-11.277143,0.006294,0.000000,0.000000,0.000000,0.000000,0.000000,0.000000,0.000000,0.000000,"Measurement #0034  from eosAC #11"
346.460000,             ,"0",0,             ,12,1195,175,380,481.25330921,2.12821632,0.34273850,0.05404515,0.46337441,0.00000000,18.66512594,318.15010447,0.00469371,271.29960073,97.90000000,40.60766731,42.54773128,-2.20892141,-5.34167604,2.97476746,965.01732893,-0.03157284,-1.70493929,0.95847334,0.00000000,0.60661166,0.00000000,0.01142386,0.00000000,0.00231535,0.00000000,2381.59008800,22.82187951,35.13664201,24.83658585,4.30000000,0.03019100,0.00000000,0.00000000,469.060399,0.030322,741.346272,-272.478017,0.000117,0.000000,0.000000,0.000000,0.000000,0.000000,0.000000,0.000000,0.000000,"Measurement #0035  from eosAC #12"
346.478113,             ,"0",0,             ,4,1200,175,380,470.38529995,2.18569614,0.34146492,0.06394865,0.47233182,0.00000000,18.66527569,318.14995036,0.00465227,271.81927348,102.30000000,34.55134250,36.63460791,-3.18441624,-3.44000338,2.56234047,2.56378346,-0.06097996,-0.27005366,0.94318458,0.00000000,0.72551222,0.00000000,0.00989434,0.00000000,0.00805418,0.00000000,2412.89990200,24.03638720,35.81836937,26.28591230,3.60000000,0.03627900,0.00000000,0.00000000,460.360157,0.024736,640.671738,-180.510444,0.000145,0.000000,0.000000,0.000000,0.000000,0.000000,0.000000,0.000000,0.000000,"Measurement #0036  from eosAC # 4"
346.495903,             ,"0",0,             ,3,1233,175,380,467.35872527,2.18732118,0.34179712,0.04833562,0.53423110,0.00000000,18.66526320,318.15010137,0.00521477,272.22071737,102.40000000,41.24088903,41.81336160,-14.04766875,-17.38199797,6.96467521,17.21084158,0.07831605,0.14889990,0.96552447,0.00000000,0.97822083,0.00000000,0.06284838,0.00000000,0.01270042,0.00000000,-0.00000000,0.00000000,0.00000000,0.00000000,-0.00000000,0.03127000,0.00000000,0.00000000,454.904769,0.029557,1328.431774,-873.585406,0.000034,0.000000,0.000000,0.000000,0.000000,0.000000,0.000000,0.000000,0.000000,"Measurement #0037  from eosAC # 3"
346.514375,             ,"0",0,             ,8,1203,175,380,462.53997278,2.14814430,0.34098350,0.05166230,0.58216966,0.00000000,18.66515196,318.15101696,0.00582025,273.37429149,98.80000000,37.69001119,41.50028098,-8.14231561,-8.29677713,-0.34322019,-26.82906163,-0.00448823,-0.00314695,0.95480862,0.00000000,0.89090435,0.00000000,0.00017076,0.00000000,0.00006312,0.00000000,2275.18994100,18.69461781,32.35380730,20.08187156,4.10000000,0.01900300,0.00000000,0.00000000,451.102911,0.028132,580.216395,-129.491087,0.000239,0.000000,0.000000,0.000000,0.000000,0.000000,0.000000,0.000000,0.000000,"Measurement #0038  from eosAC # 8"
346.532593,             ,"0",0,             ,10,1198,175,380,464.54251503,2.10567828,0.33984692,0.04008689,0.65179856,0.00000000,18.66505324,318.15128261,0.00624665,279.66988828,103.60000000,52.17044488,52.81410794,-3.82827743,-3.93445548,3.52234861,3.52259437,0.00549986,0.00549139,0.97279521,0.00000000,0.80670018,0.00000000,0.01809124,0.00000000,0.00005282,0.00000000,2308.63989300,19.99214145,33.32352485,21.54801458,4.70000000,0.02633800,0.00000000,0.00000000,449.207698,0.038008,1681.226112,-1232.080813,0.000031,0.000000,0.000000,0.000000,0.000000,0.000000,0.000000,0.000000,0.000000,"Measurement #0039  from eosAC #10"
346.550127,             ,"0",0,             ,1,1232,175,380,459.07839292,2.07240471,0.33993755,0.02808124,0.70604054,0.00000000,18.66510622,318.15188024,0.00663185,281.58077281,103.80000000,53.94881302,54.98175237,-2.54721326,-2.58314538,1.40995282,8.03133181,-0.02940250,-0.77405926,0.97833345,0.00000000,0.63847647,0.00000000,0.00278070,0.00000000,0.00179438,0.00000000,2426.27002000,24.55501408,36.09659220,26.91168104,5.00000000,0.02595300,0.00000000,0.00000000,442.513542,0.039511,1314.313174,-871.906029,0.000046,0.000000,0.000000,0.000000,0.000000,0.000000,0.000000,0.000000,0.000000,"Measurement #0040  from eosAC # 1"
346.568530,             ,"0",0,             ,2,1204,175,380,449.84459538,2.08838234,0.33944693,0.04738904,0.71819442,0.00000000,18.66502837,318.15163357,0.00690730,282.11459151,100.80000000,14.65170641,14.75379545,-11.48418927,-12.17261308,1.22597407,1.22583237,-0.05057306,-11.30888419,0.75640541,0.00000000,0.96125583,0.00000000,0.00207199,0.00000000,0.00657825,0.00000000,2269.46997100,18.47274018,32.17757470,19.83381290,6.40000000,0.02439700,0.00000000,0.00000000,445.354708,0.011074,1060.786437,-615.441903,0.000018,0.000000,0.000000,0.000000,0.000000,0.000000,0.000000,0.000000,0.000000,"Measurement #0041  from eosAC # 2"
346.586620,             ,"0",0,             ,7,1206,175,380,442.84852753,2.04249463,0.33723765,0.04094999,0.89669572,0.00000000,18.66516661,318.15212357,0.00853245,283.19976110,102.90000000,22.80190748,23.12703127,-9.37426933,-15.26627780,-2.89909654,-10.24332820,-0.02249465,-1.63903786,0.88506784,0.00000000,0.93453682,0.00000000,0.01168547,0.00000000,0.00102898,0.00000000,-0.00000000,0.00000000,0.00000000,0.00000000,-0.00000000,0.02472000,0.00000000,0.00000000,435.944748,0.016975,908.099796,-472.188421,0.000036,0.000000,0.000000,0.000000,0.000000,0.000000,0.000000,0.000000,0.000000,"Measurement #0042  from eosAC # 7"
346.604722,             ,"0",0,             ,9,1204,175,380,446.11654087,2.03660452,0.33724356,0.03272642,1.07463427,0.00000000,18.66522008,318.15127224,0.01044545,283.49814037,102.40000000,44.51760759,48.04867495,-5.01822143,-5.44667418,2.18138350,2.20422179,-0.11647858,-0.13154985,0.97279259,0.00000000,0.83535492,0.00000000,0.00647475,0.00000000,0.03143082,0.00000000,2474.06005900,26.40878969,37.04628808,29.18177459,8.60000000,0.02621500,0.00000000,0.00000000,432.571960,0.033403,622.304507,-190.084837,0.000190,0.000000,0.000000,0.000000,0.000000,0.000000,0.000000,0.000000,0.000000,"Measurement #0043  from eosAC # 9"
346.622917,             ,"0",0,             ,11,1195,175,380,456.84449790,2.03673742,0.33858712,0.05728737,1.09084767,0.00000000,18.66511770,318.15116722,0.00890387,285.81891728,100.70000000,67.23949486,70.72492879,-3.52187651,-3.61826914,10.19528327,10.21709469,0.04848754,0.00064970,0.99188800,0.00000000,0.73142394,0.00000000,0.14002618,0.00000000,0.00510914,0.00000000,2460.10009800,25.86728280,36.77459852,28.51328907,7.40000000,0.02268600,0.00000000,0.00000000,436.128361,0.051643,864.717211,-428.942973,0.000127,0.000000,0.000000,0.000000,0.000000,0.000000,0.000000,0.000000,0.000000,"Measurement #0044  from eosAC #11"
346.640567,             ,"0",0,             ,12,1232,175,380,455.80827336,2.02908751,0.33782951,0.09858398,1.12667940,0.00000000,18.66505486,318.15098051,0.01090039,287.00509427,102.20000000,70.86246342,76.49139458,-2.93544142,-5.26466515,6.87443952,14.84203659,0.03443593,0.03434445,0.99502851,0.00000000,0.65197631,0.00000000,0.05531150,0.00000000,0.00286156,0.00000000,2372.35009800,22.46346030,34.92599977,24.41319477,7.20000000,0.03051500,0.00000000,0.00000000,433.164798,0.053958,749.805899,-317.230778,0.000184,0.000000,0.000000,0.000000,0.000000,0.000000,0.000000,0.000000,0.000000,"Measurement #0045  from eosAC #12"
346.658970,             ,"0",0,             ,4,1204,175,380,455.45240310,2.03151253,0.33786135,0.08770742,1.05967725,0.00000000,18.66523275,318.15063290,0.01105118,285.23034671,102.70000000,60.19782961,62.96121798,-2.97279923,-5.28496887,10.19253209,10.20839995,0.01083560,0.01082071,0.99555448,0.00000000,0.66429528,0.00000000,0.12034519,0.00000000,0.00034262,0.00000000,2396.92993200,23.41691206,35.47641948,25.54384162,7.40000000,0.03529300,0.00000000,0.00000000,437.050986,0.045339,863.697756,-426.925498,0.000111,0.000000,0.000000,0.000000,0.000000,0.000000,0.000000,0.000000,0.000000,"Measurement #0046  from eosAC # 4"
346.677060,             ,"0",0,             ,3,1203,175,380,447.30483993,2.02251856,0.33857485,0.14014539,1.37623506,0.00000000,18.66515830,318.15045861,0.01481427,286.11318106,104.60000000,43.83066907,62.28059304,-1.19515270,-4.81307587,11.06907940,11.78582285,0.01988926,0.01986452,0.97694597,0.00000000,0.16893471,0.00000000,0.13685010,0.00000000,0.00087669,0.00000000,-0.00000000,0.00000000,0.00000000,0.00000000,-0.00000000,0.03127000,0.00000000,0.00000000,434.074282,0.032637,483.969364,-51.619064,0.000898,0.000000,0.000000,0.000000,0.000000,0.000000,0.000000,0.000000,0.000000,"Measurement #0047  from eosAC # 3"
346.694838,             ,"0",0,             ,8,1232,175,380,443.73436397,2.02328621,0.33785989,0.15984526,1.18555359,0.00000000,18.66512316,318.15052062,0.01250882,288.23853841,103.00000000,45.37418732,45.98662890,-1.14163581,-5.45791564,1.15698571,1.15687426,0.02964213,0.02961886,0.99691207,0.00000000,0.17039892,0.00000000,0.00201724,0.00000000,0.00204978,0.00000000,2261.41992200,18.16047877,31.92404741,19.48602290,8.80000000,0.01807800,0.00000000,0.00000000,429.236051,0.034485,1502.131178,-1072.958763,0.000033,0.000000,0.000000,0.000000,0.000000,0.000000,0.000000,0.000000,0.000000,"Measurement #0048  from eosAC # 8"
346.713241,             ,"0",0,             ,10,1202,175,380,450.19466714,2.02680484,0.33801478,0.23005433,1.05563287,0.00000000,18.66514984,318.15045376,0.01337978,288.33681689,105.80000000,62.60537597,64.34803030,-1.54995867,-1.59606277,-2.90533847,-2.89893083,0.17932805,0.18080097,0.99828301,0.00000000,0.45573746,0.00000000,0.01183042,0.00000000,0.07569222,0.00000000,2294.32006800,19.43667544,32.92065882,20.91712571,8.50000000,0.02623100,0.00000000,0.00000000,431.391414,0.046378,1117.201869,-685.985714,0.000069,0.000000,0.000000,0.000000,0.000000,0.000000,0.000000,0.000000,0.000000,"Measurement #0049  from eosAC #10"
346.731146,             ,"0",0,             ,1,1205,175,380,459.21471022,2.02440041,0.33714855,0.23807821,1.35854503,0.00000000,18.66522658,318.15029694,0.01372014,288.37628661,103.60000000,85.11964128,91.85991956,-1.08396580,-2.98225495,0.58610556,0.58458597,0.09363084,0.00001129,0.99908761,0.00000000,0.21391596,0.00000000,0.00051330,0.00000000,0.02315470,0.00000000,2406.96997100,23.80636518,35.69269827,26.00968367,8.50000000,0.02650800,0.00000000,0.00000000,433.006091,0.064427,800.618508,-368.292802,0.000189,0.000000,0.000000,0.000000,0.000000,0.000000,0.000000,0.000000,0.000000,"Measurement #0050  from eosAC # 1"
346.749236,             ,"0",0,             ,2,480,175,380,432.56878444,2.02777438,0.33490098,0.29025319,1.12162202,0.00000000,18.66467465,318.15053930,0.01113574,288.29689288,103.50000000,42.47042930,42.55680074,-3.99109796,-24.47348298,-67.73932274,-100.27692594,-1.28383186,-2.56204013,0.92838569,0.00000000,0.06159585,0.00000000,0.06098772,0.00000000,0.04872585,0.00000000,2253.98999000,17.87227171,31.68417322,19.16639339,10.00000000,0.02499800,0.00000000,0.00000000,431.147220,0.032084,786.070342,-354.924499,0.000091,0.000000,0.000000,0.000000,0.000000,0.000000,0.000000,0.000000,0.000000,"Measurement #0051  from eosAC # 2"
346.758715,             ,"0",0,             ,1,1204,175,380,457.67141553,2.02505072,0.33801093,0.24790238,1.36499122,0.00000000,18.66521651,318.15024980,0.01429713,289.33258060,103.50000000,86.24266929,91.45229128,-2.44956768,-2.55563191,5.74815469,11.66048134,0.09354424,0.09346886,0.99948183,0.00000000,0.52635891,0.00000000,0.04226485,0.00000000,0.02495336,0.00000000,2402.33007800,23.62638373,35.59331284,25.79411151,9.10000000,0.02558300,0.00000000,0.00000000,430.998414,0.065595,909.836356,-479.368186,0.000145,0.000000,0.000000,0.000000,0.000000,0.000000,0.000000,0.000000,0.000000,"Measurement #0052  from eosAC # 1"
346.776505,             ,"0",0,             ,2,1231,175,380,443.40134262,2.02719693,0.33670480,0.25886107,1.19813808,0.00000000,18.66522645,318.15001271,0.01122665,288.45950034,103.70000000,45.31267439,46.93334839,-3.79294446,-8.28669381,4.63671071,8.06285656,0.06840886,0.06840224,0.99857683,0.00000000,0.74501666,0.00000000,0.03342285,0.00000000,0.01209613,0.00000000,2254.02002000,17.87343658,31.68515432,19.16768260,10.10000000,0.02461200,0.00000000,0.00000000,429.044223,0.034188,850.050565,-421.175710,0.000084,0.000000,0.000000,0.000000,0.000000,0.000000,0.000000,0.000000,0.000000,"Measurement #0053  from eosAC # 2"
346.794907,             ,"0",0,             ,7,1204,175,380,439.52797991,2.02254708,0.33693565,0.28137618,1.29308542,0.00000000,18.66518236,318.15012890,0.01325646,288.42824469,102.70000000,18.22319001,57.33006899,-0.95009783,-38.83378411,3.05069386,3.04988344,-0.09261006,-0.05420999,0.85699068,0.00000000,0.09350547,0.00000000,0.01328685,0.00000000,0.01786227,0.00000000,-0.00000000,0.00000000,0.00000000,0.00000000,-0.00000000,0.02464300,0.00000000,0.00000000,433.868905,0.013910,444.217435,-13.395952,0.003267,0.000000,0.000000,0.000000,0.000000,0.000000,0.000000,0.000000,0.000000,"Measurement #0054  from eosAC # 7"
346.812998,             ,"0",0,             ,9,1202,175,380,445.61112811,2.02051953,0.33612344,0.29498467,1.15858619,0.00000000,18.66521417,318.14984703,0.01144206,288.04054014,103.90000000,47.60540883,47.97835523,-3.23496921,-7.77144015,6.08737379,6.12624479,0.07359323,0.07360677,0.99437275,0.00000000,0.65859525,0.00000000,0.04934282,0.00000000,0.01366593,0.00000000,2439.23999000,25.05811921,36.36044860,27.52263074,10.30000000,0.02285500,0.00000000,0.00000000,431.071503,0.035804,2209.478759,-1778.443579,0.000020,0.000000,0.000000,0.000000,0.000000,0.000000,0.000000,0.000000,0.000000,"Measurement #0055  from eosAC # 9"
346.831088,             ,"0",0,             ,11,1203,175,380,454.32961847,2.01280522,0.33937360,0.34063166,1.09860200,0.00000000,18.66526950,318.14962137,0.01123573,287.05032336,102.20000000,79.36645555,82.10011948,-1.70486734,-1.74735051,11.62728538,11.63278664,-0.05977050,-0.05982463,0.99970085,0.00000000,0.41350251,0.00000000,0.13191874,0.00000000,0.00937212,0.00000000,2427.38989300,24.59845395,36.11959609,26.96428092,9.20000000,0.02297900,0.00000000,0.00000000,429.772491,0.060463,1172.861757,-743.365786,0.000084,0.000000,0.000000,0.000000,0.000000,0.000000,0.000000,0.000000,0.000000,"Measurement #0056  from eosAC #11"
346.848866,             ,"0",0,             ,12,1229,175,380,450.64305406,2.01518586,0.33816397,0.32927313,1.04087559,0.00000000,18.66513364,318.14946289,0.01048646,285.87986482,102.90000000,67.65346858,69.65936448,-2.31516797,-2.38406624,6.75062746,6.77396930,0.02893601,0.74249820,0.99951509,0.00000000,0.60123225,0.00000000,0.07646525,0.00000000,0.00255728,0.00000000,2344.54003900,21.38470811,34.26125069,23.15085766,8.70000000,0.03014500,0.00000000,0.00000000,429.302047,0.050942,1177.366067,-748.272543,0.000070,0.000000,0.000000,0.000000,0.000000,0.000000,0.000000,0.000000,0.000000,"Measurement #0057  from eosAC #12"
